{
    "model": {
        "type": "range_dispatch",
        "property": "damage",
        "fallback": {
            "type": "model",
            "model": "item/carrot_on_a_stick"
        },
        "entries": [
            {
                "threshold": 0.0,
                "model": {
                    "type": "model",
                    "model": "minecraft:item/carrot_on_a_stick"
                }
            },
            {
                "threshold": 0.0,
                "model": {
                    "type": "model",
                    "model": "minecraft:item/carrot_on_a_stick"
                }
            },
            {
                "threshold": 0.04,
                "model": {
                    "type": "model",
                    "model": "minecraft:item/custom/wrench"
                }
            }
        ]
    }
}